﻿{
  "ProviderId": "Microsoft.VisualStudio.ConnectedService.Wcf",
  "Version": "15.0.40203.910",
  "ExtendedData": {
    "inputs": [
      "https://verify.sep.ir/payments/referencepayment.asmx"
    ],
    "collectionTypes": [
      "System.Array",
      "System.Collections.Generic.Dictionary`2"
    ],
    "namespaceMappings": [
      "*, SamanVerifyOrReverse"
    ],
    "references": [
      "AngleSharp, {AngleSharp, 0.9.11}",
      "BotDetect, {Captcha, 4.4.2}",
      "BotDetect.Web.Mvc, {Captcha, 4.4.2}",
      "Dapper, {Dapper, 2.0.30}",
      "dotnet-aspnet-codegenerator-design, {Microsoft.VisualStudio.Web.CodeGeneration.Design, 3.0.0}",
      "EntityFramework, {EntityFramework, 6.2.0}",
      "EntityFramework.SqlServer, {EntityFramework, 6.2.0}",
      "Google.Protobuf, {Google.Protobuf, 3.9.1}",
      "Grpc.AspNetCore.Server, {Grpc.AspNetCore.Server, 2.23.2}",
      "Grpc.AspNetCore.Server.ClientFactory, {Grpc.AspNetCore.Server.ClientFactory, 2.23.2}",
      "Grpc.Core.Api, {Grpc.Core.Api, 2.23.0}",
      "Grpc.Net.Client, {Grpc.Net.Client, 2.23.2}",
      "Grpc.Net.ClientFactory, {Grpc.Net.ClientFactory, 2.23.2}",
      "Grpc.Net.Common, {Grpc.Net.Common, 2.23.2}",
      "HtmlSanitizer, {HtmlSanitizer, 4.0.217}",
      "jsreport.AspNetCore, {jsreport.AspNetCore, 2.0.1}",
      "jsreport.Binary, {jsreport.Binary, 2.4.0}",
      "jsreport.Client, {jsreport.Client, 3.0.1}",
      "jsreport.Local, {jsreport.Local, 2.0.1}",
      "jsreport.Shared, {jsreport.Shared, 2.0.1}",
      "jsreport.Types, {jsreport.Types, 2.2.7}",
      "Microsoft.AspNet.Identity.Core, {Microsoft.AspNet.Identity.Core, 2.2.2}",
      "Microsoft.AspNet.Identity.EntityFramework, {Microsoft.AspNet.Identity.EntityFramework, 2.2.2}",
      "Microsoft.AspNetCore.Antiforgery, {Microsoft.AspNetCore.Antiforgery, 2.0.1}",
      "Microsoft.AspNetCore.Authentication.Abstractions, {Microsoft.AspNetCore.Authentication.Abstractions, 2.2.0}",
      "Microsoft.AspNetCore.Authentication.Core, {Microsoft.AspNetCore.Authentication.Core, 2.2.0}",
      "Microsoft.AspNetCore.Authentication.Google, {Microsoft.AspNetCore.Authentication.Google, 3.0.0}",
      "Microsoft.AspNetCore.Authentication.MicrosoftAccount, {Microsoft.AspNetCore.Authentication.MicrosoftAccount, 3.0.0}",
      "Microsoft.AspNetCore.Authorization, {Microsoft.AspNetCore.Authorization, 2.0.1}",
      "Microsoft.AspNetCore.Authorization.Policy, {Microsoft.AspNetCore.Authorization.Policy, 2.0.1}",
      "Microsoft.AspNetCore.Cors, {Microsoft.AspNetCore.Cors, 2.0.1}",
      "Microsoft.AspNetCore.Cryptography.Internal, {Microsoft.AspNetCore.Cryptography.Internal, 3.0.0}",
      "Microsoft.AspNetCore.Cryptography.KeyDerivation, {Microsoft.AspNetCore.Cryptography.KeyDerivation, 3.0.0}",
      "Microsoft.AspNetCore.DataProtection, {Microsoft.AspNetCore.DataProtection, 2.2.0}",
      "Microsoft.AspNetCore.DataProtection.Abstractions, {Microsoft.AspNetCore.DataProtection.Abstractions, 2.2.0}",
      "Microsoft.AspNetCore.Diagnostics.Abstractions, {Microsoft.AspNetCore.Diagnostics.Abstractions, 2.0.1}",
      "Microsoft.AspNetCore.Hosting.Abstractions, {Microsoft.AspNetCore.Hosting.Abstractions, 2.2.0}",
      "Microsoft.AspNetCore.Hosting.Server.Abstractions, {Microsoft.AspNetCore.Hosting.Server.Abstractions, 2.2.0}",
      "Microsoft.AspNetCore.Html.Abstractions, {Microsoft.AspNetCore.Html.Abstractions, 2.2.0}",
      "Microsoft.AspNetCore.Http, {Microsoft.AspNetCore.Http, 2.2.0}",
      "Microsoft.AspNetCore.Http.Abstractions, {Microsoft.AspNetCore.Http.Abstractions, 2.2.0}",
      "Microsoft.AspNetCore.Http.Extensions, {Microsoft.AspNetCore.Http.Extensions, 2.2.0}",
      "Microsoft.AspNetCore.Http.Features, {Microsoft.AspNetCore.Http.Features, 2.2.0}",
      "Microsoft.AspNetCore.Identity.EntityFrameworkCore, {Microsoft.AspNetCore.Identity.EntityFrameworkCore, 3.0.0}",
      "Microsoft.AspNetCore.JsonPatch, {Microsoft.AspNetCore.JsonPatch, 2.0.0}",
      "Microsoft.AspNetCore.Localization, {Microsoft.AspNetCore.Localization, 2.0.1}",
      "Microsoft.AspNetCore.Mvc, {Microsoft.AspNetCore.Mvc, 2.0.1}",
      "Microsoft.AspNetCore.Mvc.Abstractions, {Microsoft.AspNetCore.Mvc.Abstractions, 2.0.1}",
      "Microsoft.AspNetCore.Mvc.ApiExplorer, {Microsoft.AspNetCore.Mvc.ApiExplorer, 2.0.1}",
      "Microsoft.AspNetCore.Mvc.Core, {Microsoft.AspNetCore.Mvc.Core, 2.0.1}",
      "Microsoft.AspNetCore.Mvc.Cors, {Microsoft.AspNetCore.Mvc.Cors, 2.0.1}",
      "Microsoft.AspNetCore.Mvc.DataAnnotations, {Microsoft.AspNetCore.Mvc.DataAnnotations, 2.0.1}",
      "Microsoft.AspNetCore.Mvc.Formatters.Json, {Microsoft.AspNetCore.Mvc.Formatters.Json, 2.0.1}",
      "Microsoft.AspNetCore.Mvc.Localization, {Microsoft.AspNetCore.Mvc.Localization, 2.0.1}",
      "Microsoft.AspNetCore.Mvc.Razor, {Microsoft.AspNetCore.Mvc.Razor, 2.0.1}",
      "Microsoft.AspNetCore.Mvc.Razor.Extensions, {Microsoft.AspNetCore.Mvc.Razor.Extensions, 3.0.0}",
      "Microsoft.AspNetCore.Mvc.Razor.RuntimeCompilation, {Microsoft.AspNetCore.Mvc.Razor.RuntimeCompilation, 3.0.0}",
      "Microsoft.AspNetCore.Mvc.RazorPages, {Microsoft.AspNetCore.Mvc.RazorPages, 2.0.1}",
      "Microsoft.AspNetCore.Mvc.TagHelpers, {Microsoft.AspNetCore.Mvc.TagHelpers, 2.0.1}",
      "Microsoft.AspNetCore.Mvc.ViewFeatures, {Microsoft.AspNetCore.Mvc.ViewFeatures, 2.0.1}",
      "Microsoft.AspNetCore.Razor, {Microsoft.AspNetCore.Razor, 2.2.0}",
      "Microsoft.AspNetCore.Razor.Language, {Microsoft.AspNetCore.Razor.Language, 3.0.0}",
      "Microsoft.AspNetCore.Razor.Runtime, {Microsoft.AspNetCore.Razor.Runtime, 2.2.0}",
      "Microsoft.AspNetCore.ResponseCaching.Abstractions, {Microsoft.AspNetCore.ResponseCaching.Abstractions, 2.0.1}",
      "Microsoft.AspNetCore.Routing, {Microsoft.AspNetCore.Routing, 2.0.1}",
      "Microsoft.AspNetCore.Routing.Abstractions, {Microsoft.AspNetCore.Routing.Abstractions, 2.0.1}",
      "Microsoft.AspNetCore.Session, {Microsoft.AspNetCore.Session, 2.2.0}",
      "Microsoft.AspNetCore.WebUtilities, {Microsoft.AspNetCore.WebUtilities, 2.2.0}",
      "Microsoft.CodeAnalysis, {Microsoft.CodeAnalysis.Common, 3.3.0}",
      "Microsoft.CodeAnalysis.CSharp, {Microsoft.CodeAnalysis.CSharp, 3.3.0}",
      "Microsoft.CodeAnalysis.CSharp.Workspaces, {Microsoft.CodeAnalysis.CSharp.Workspaces, 3.3.0}",
      "Microsoft.CodeAnalysis.Razor, {Microsoft.CodeAnalysis.Razor, 3.0.0}",
      "Microsoft.CodeAnalysis.Workspaces, {Microsoft.CodeAnalysis.Workspaces.Common, 3.3.0}",
      "Microsoft.Data.SqlClient, {Microsoft.Data.SqlClient, 1.1.0}",
      "Microsoft.Data.Sqlite, {Microsoft.Data.Sqlite.Core, 2.0.0}",
      "Microsoft.EntityFrameworkCore, {Microsoft.EntityFrameworkCore, 3.0.1}",
      "Microsoft.EntityFrameworkCore.Abstractions, {Microsoft.EntityFrameworkCore.Abstractions, 3.0.1}",
      "Microsoft.EntityFrameworkCore.Relational, {Microsoft.EntityFrameworkCore.Relational, 3.0.1}",
      "Microsoft.EntityFrameworkCore.SqlServer, {Microsoft.EntityFrameworkCore.SqlServer, 3.0.1}",
      "Microsoft.Extensions.Caching.Abstractions, {Microsoft.Extensions.Caching.Abstractions, 3.0.1}",
      "Microsoft.Extensions.Caching.Memory, {Microsoft.Extensions.Caching.Memory, 3.0.1}",
      "Microsoft.Extensions.Configuration, {Microsoft.Extensions.Configuration, 3.0.1}",
      "Microsoft.Extensions.Configuration.Abstractions, {Microsoft.Extensions.Configuration.Abstractions, 3.0.1}",
      "Microsoft.Extensions.Configuration.Binder, {Microsoft.Extensions.Configuration.Binder, 3.0.1}",
      "Microsoft.Extensions.DependencyInjection, {Microsoft.Extensions.DependencyInjection, 3.0.1}",
      "Microsoft.Extensions.DependencyInjection.Abstractions, {Microsoft.Extensions.DependencyInjection.Abstractions, 3.0.1}",
      "Microsoft.Extensions.DependencyModel, {Microsoft.Extensions.DependencyModel, 3.0.0}",
      "Microsoft.Extensions.FileProviders.Abstractions, {Microsoft.Extensions.FileProviders.Abstractions, 2.2.0}",
      "Microsoft.Extensions.FileProviders.Composite, {Microsoft.Extensions.FileProviders.Composite, 2.0.0}",
      "Microsoft.Extensions.FileSystemGlobbing, {Microsoft.Extensions.FileSystemGlobbing, 2.0.0}",
      "Microsoft.Extensions.Hosting.Abstractions, {Microsoft.Extensions.Hosting.Abstractions, 2.2.0}",
      "Microsoft.Extensions.Http, {Microsoft.Extensions.Http, 2.1.1}",
      "Microsoft.Extensions.Identity.Core, {Microsoft.Extensions.Identity.Core, 3.0.0}",
      "Microsoft.Extensions.Identity.Stores, {Microsoft.Extensions.Identity.Stores, 3.0.0}",
      "Microsoft.Extensions.Localization, {Microsoft.Extensions.Localization, 2.0.1}",
      "Microsoft.Extensions.Localization.Abstractions, {Microsoft.Extensions.Localization.Abstractions, 2.0.1}",
      "Microsoft.Extensions.Logging, {Microsoft.Extensions.Logging, 3.0.1}",
      "Microsoft.Extensions.Logging.Abstractions, {Microsoft.Extensions.Logging.Abstractions, 3.0.1}",
      "Microsoft.Extensions.Logging.Debug, {Microsoft.Extensions.Logging.Debug, 3.0.0}",
      "Microsoft.Extensions.ObjectPool, {Microsoft.Extensions.ObjectPool, 2.2.0}",
      "Microsoft.Extensions.Options, {Microsoft.Extensions.Options, 3.0.1}",
      "Microsoft.Extensions.Primitives, {Microsoft.Extensions.Primitives, 3.0.1}",
      "Microsoft.Extensions.WebEncoders, {Microsoft.Extensions.WebEncoders, 2.0.0}",
      "Microsoft.IdentityModel.JsonWebTokens, {Microsoft.IdentityModel.JsonWebTokens, 5.5.0}",
      "Microsoft.IdentityModel.Logging, {Microsoft.IdentityModel.Logging, 5.5.0}",
      "Microsoft.IdentityModel.Protocols, {Microsoft.IdentityModel.Protocols, 5.5.0}",
      "Microsoft.IdentityModel.Protocols.OpenIdConnect, {Microsoft.IdentityModel.Protocols.OpenIdConnect, 5.5.0}",
      "Microsoft.IdentityModel.Tokens, {Microsoft.IdentityModel.Tokens, 5.5.0}",
      "Microsoft.Net.Http.Headers, {Microsoft.Net.Http.Headers, 2.2.0}",
      "Microsoft.VisualBasic, {Microsoft.VisualBasic, 10.0.1}",
      "Microsoft.VisualStudio.Web.CodeGeneration, {Microsoft.VisualStudio.Web.CodeGeneration, 3.0.0}",
      "Microsoft.VisualStudio.Web.CodeGeneration.Contracts, {Microsoft.VisualStudio.Web.CodeGeneration.Contracts, 3.0.0}",
      "Microsoft.VisualStudio.Web.CodeGeneration.Core, {Microsoft.VisualStudio.Web.CodeGeneration.Core, 3.0.0}",
      "Microsoft.VisualStudio.Web.CodeGeneration.EntityFrameworkCore, {Microsoft.VisualStudio.Web.CodeGeneration.EntityFrameworkCore, 3.0.0}",
      "Microsoft.VisualStudio.Web.CodeGeneration.Templating, {Microsoft.VisualStudio.Web.CodeGeneration.Templating, 3.0.0}",
      "Microsoft.VisualStudio.Web.CodeGeneration.Utils, {Microsoft.VisualStudio.Web.CodeGeneration.Utils, 3.0.0}",
      "Microsoft.VisualStudio.Web.CodeGenerators.Mvc, {Microsoft.VisualStudio.Web.CodeGenerators.Mvc, 3.0.0}",
      "Microsoft.Web.Infrastructure, {Microsoft.Web.Infrastructure, 1.0.0}",
      "Microsoft.Win32.Registry, {Microsoft.Win32.Registry, 4.5.0}",
      "Newtonsoft.Json, {Newtonsoft.Json, 12.0.3}",
      "Newtonsoft.Json.Bson, {Newtonsoft.Json.Bson, 1.0.1}",
      "NuGet.Frameworks, {NuGet.Frameworks, 4.7.0}",
      "OAuth2, {OAuth2, 0.8.40}",
      "RestSharp, {RestSharp, 106.6.10}",
      "SimpleMvcSitemap, {SimpleMvcSitemap, 3.1.0}",
      "SQLitePCLRaw.batteries_green, {SQLitePCLRaw.bundle_green, 1.1.7}",
      "SQLitePCLRaw.batteries_v2, {SQLitePCLRaw.bundle_green, 1.1.7}",
      "SQLitePCLRaw.core, {SQLitePCLRaw.core, 1.1.7}",
      "SQLitePCLRaw.provider.e_sqlite3, {SQLitePCLRaw.provider.e_sqlite3.netstandard11, 1.1.7}",
      "System.Collections, {System.Collections, 4.3.0}",
      "System.Collections.Concurrent, {System.Collections.Concurrent, 4.3.0}",
      "System.Collections.Immutable, {System.Collections.Immutable, 1.6.0}",
      "System.ComponentModel, {System.ComponentModel, 4.3.0}",
      "System.ComponentModel.Annotations, {System.ComponentModel.Annotations, 4.6.0}",
      "System.Composition.AttributedModel, {System.Composition.AttributedModel, 1.0.31}",
      "System.Composition.Convention, {System.Composition.Convention, 1.0.31}",
      "System.Composition.Hosting, {System.Composition.Hosting, 1.0.31}",
      "System.Composition.Runtime, {System.Composition.Runtime, 1.0.31}",
      "System.Composition.TypedParts, {System.Composition.TypedParts, 1.0.31}",
      "System.Data.Common, {System.Data.Common, 4.3.0}",
      "System.Diagnostics.Debug, {System.Diagnostics.Debug, 4.3.0}",
      "System.Diagnostics.DiagnosticSource, {System.Diagnostics.DiagnosticSource, 4.6.0}",
      "System.Diagnostics.Process, {System.Diagnostics.Process, 4.1.0}",
      "System.Diagnostics.Tools, {System.Diagnostics.Tools, 4.3.0}",
      "System.Diagnostics.Tracing, {System.Diagnostics.Tracing, 4.3.0}",
      "System.Drawing.Common, {System.Drawing.Common, 4.5.1}",
      "System.Dynamic.Runtime, {System.Dynamic.Runtime, 4.0.11}",
      "System.Globalization, {System.Globalization, 4.3.0}",
      "System.Globalization.Extensions, {System.Globalization.Extensions, 4.3.0}",
      "System.IdentityModel.Tokens.Jwt, {System.IdentityModel.Tokens.Jwt, 5.5.0}",
      "System.IO, {System.IO, 4.3.0}",
      "System.IO.FileSystem, {System.IO.FileSystem, 4.3.0}",
      "System.IO.FileSystem.Primitives, {System.IO.FileSystem.Primitives, 4.3.0}",
      "System.IO.FileSystem.Watcher, {System.IO.FileSystem.Watcher, 4.0.0}",
      "System.IO.MemoryMappedFiles, {System.IO.MemoryMappedFiles, 4.0.0}",
      "System.IO.UnmanagedMemoryStream, {System.IO.UnmanagedMemoryStream, 4.0.1}",
      "System.Linq, {System.Linq, 4.3.0}",
      "System.Linq.Expressions, {System.Linq.Expressions, 4.3.0}",
      "System.Linq.Parallel, {System.Linq.Parallel, 4.0.1}",
      "System.Linq.Queryable, {System.Linq.Queryable, 4.0.1}",
      "System.Net.Http, {System.Net.Http, 4.3.2}",
      "System.Net.NameResolution, {System.Net.NameResolution, 4.3.0}",
      "System.Net.Primitives, {System.Net.Primitives, 4.3.0}",
      "System.Net.Requests, {System.Net.Requests, 4.3.0}",
      "System.Net.Security, {System.Net.Security, 4.0.1}",
      "System.Net.WebHeaderCollection, {System.Net.WebHeaderCollection, 4.3.0}",
      "System.Numerics.Vectors, {System.Numerics.Vectors, 4.1.1}",
      "System.ObjectModel, {System.ObjectModel, 4.3.0}",
      "System.Reflection, {System.Reflection, 4.3.0}",
      "System.Reflection.Extensions, {System.Reflection.Extensions, 4.3.0}",
      "System.Reflection.Metadata, {System.Reflection.Metadata, 1.6.0}",
      "System.Reflection.Primitives, {System.Reflection.Primitives, 4.3.0}",
      "System.Reflection.TypeExtensions, {System.Reflection.TypeExtensions, 4.3.0}",
      "System.Resources.Reader, {System.Resources.Reader, 4.0.0}",
      "System.Resources.ResourceManager, {System.Resources.ResourceManager, 4.3.0}",
      "System.Runtime, {System.Runtime, 4.3.0}",
      "System.Runtime.CompilerServices.Unsafe, {System.Runtime.CompilerServices.Unsafe, 4.5.2}",
      "System.Runtime.Extensions, {System.Runtime.Extensions, 4.3.0}",
      "System.Runtime.Handles, {System.Runtime.Handles, 4.3.0}",
      "System.Runtime.InteropServices, {System.Runtime.InteropServices, 4.3.0}",
      "System.Runtime.Serialization.Formatters, {System.Runtime.Serialization.Formatters, 4.3.0}",
      "System.Runtime.Serialization.Primitives, {System.Runtime.Serialization.Primitives, 4.3.0}",
      "System.Security.AccessControl, {System.Security.AccessControl, 4.5.0}",
      "System.Security.Cryptography.Algorithms, {System.Security.Cryptography.Algorithms, 4.3.0}",
      "System.Security.Cryptography.Cng, {System.Security.Cryptography.Cng, 4.5.0}",
      "System.Security.Cryptography.Encoding, {System.Security.Cryptography.Encoding, 4.3.0}",
      "System.Security.Cryptography.Primitives, {System.Security.Cryptography.Primitives, 4.3.0}",
      "System.Security.Cryptography.X509Certificates, {System.Security.Cryptography.X509Certificates, 4.3.0}",
      "System.Security.Cryptography.Xml, {System.Security.Cryptography.Xml, 4.5.0}",
      "System.Security.Permissions, {System.Security.Permissions, 4.5.0}",
      "System.Security.Principal, {System.Security.Principal, 4.0.1}",
      "System.Security.Principal.Windows, {System.Security.Principal.Windows, 4.5.0}",
      "System.ServiceModel, {System.ServiceModel.Primitives, 4.4.4}",
      "System.ServiceModel.Duplex, {System.ServiceModel.Duplex, 4.4.4}",
      "System.ServiceModel.Http, {System.ServiceModel.Http, 4.4.4}",
      "System.ServiceModel.NetTcp, {System.ServiceModel.NetTcp, 4.4.4}",
      "System.ServiceModel.Primitives, {System.ServiceModel.Primitives, 4.4.4}",
      "System.ServiceModel.Security, {System.ServiceModel.Security, 4.4.4}",
      "System.Text.Encoding, {System.Text.Encoding, 4.3.0}",
      "System.Text.Encoding.CodePages, {System.Text.Encoding.CodePages, 4.5.1}",
      "System.Text.Encoding.Extensions, {System.Text.Encoding.Extensions, 4.3.0}",
      "System.Text.Encodings.Web, {System.Text.Encodings.Web, 4.5.0}",
      "System.Text.Json, {System.Text.Json, 4.6.0}",
      "System.Text.RegularExpressions, {System.Text.RegularExpressions, 4.3.0}",
      "System.Threading, {System.Threading, 4.3.0}",
      "System.Threading.Tasks, {System.Threading.Tasks, 4.3.0}",
      "System.Threading.Tasks.Dataflow, {System.Threading.Tasks.Dataflow, 4.6.0}",
      "System.Threading.Tasks.Parallel, {System.Threading.Tasks.Parallel, 4.0.1}",
      "System.Threading.Thread, {System.Threading.Thread, 4.0.0}",
      "System.Threading.ThreadPool, {System.Threading.ThreadPool, 4.0.10}",
      "System.Web.Helpers, {Microsoft.AspNet.WebPages, 3.2.7}",
      "System.Web.Mvc, {Microsoft.AspNet.Mvc, 5.2.7}",
      "System.Web.Razor, {Microsoft.AspNet.Razor, 3.2.7}",
      "System.Web.WebPages, {Microsoft.AspNet.WebPages, 3.2.7}",
      "System.Web.WebPages.Deployment, {Microsoft.AspNet.WebPages, 3.2.7}",
      "System.Web.WebPages.Razor, {Microsoft.AspNet.WebPages, 3.2.7}",
      "System.Xml.ReaderWriter, {System.Xml.ReaderWriter, 4.3.0}",
      "System.Xml.XmlSerializer, {System.Xml.XmlSerializer, 4.3.0}",
      "UAParser, {UAParser, 3.1.43}",
      "Zarinpal, {Zarinpal, 2.0.4}",
      "ZarinpalSandbox, {ZarinpalSandbox, 2.0.4}"
    ],
    "targetFramework": "netcoreapp3.0",
    "typeReuseMode": "All"
  }
}